,month,date,total_order,total_spent,total_order_monthly,total_spent_monthly
0,Nov-2017,2017-11-24,1166,152653.74,7451,1010271.37
1,Nov-2017,2017-11-25,498,60923.48,7451,1010271.37
2,Nov-2017,2017-11-27,400,47923.66,7451,1010271.37
3,Nov-2017,2017-11-26,388,45315.28,7451,1010271.37
4,Nov-2017,2017-11-28,376,47886.55,7451,1010271.37
5,Nov-2017,2017-11-29,319,39834.75,7451,1010271.37
6,Nov-2017,2017-11-23,277,44712.88,7451,1010271.37
7,Nov-2017,2017-11-30,264,31322.74,7451,1010271.37
8,Nov-2017,2017-11-21,226,34316.64,7451,1010271.37
9,Nov-2017,2017-11-20,226,44284.47,7451,1010271.37
10,Nov-2017,2017-11-16,224,28268.82,7451,1010271.37
11,Nov-2017,2017-11-13,202,24391.97,7451,1010271.37
12,Nov-2017,2017-11-22,198,24962.57,7451,1010271.37
13,Nov-2017,2017-11-06,190,28600.29,7451,1010271.37
14,Nov-2017,2017-11-17,189,29209.07,7451,1010271.37
15,Nov-2017,2017-11-14,189,27049.68,7451,1010271.37
16,Nov-2017,2017-11-09,188,25053.34,7451,1010271.37
17,Nov-2017,2017-11-15,185,23711.29,7451,1010271.37
18,Nov-2017,2017-11-08,174,19240.51,7451,1010271.37
19,Nov-2017,2017-11-12,172,23087.26,7451,1010271.37
20,Nov-2017,2017-11-10,164,20223.84,7451,1010271.37
21,Nov-2017,2017-11-19,158,19955.56,7451,1010271.37
22,Nov-2017,2017-11-07,157,20829.71,7451,1010271.37
23,Nov-2017,2017-11-11,155,23292.07,7451,1010271.37
24,Nov-2017,2017-11-18,146,23233.3,7451,1010271.37
25,Nov-2017,2017-11-05,141,17327.44,7451,1010271.37
26,Nov-2017,2017-11-03,138,22844.05,7451,1010271.37
27,Nov-2017,2017-11-02,121,21263.73,7451,1010271.37
28,Nov-2017,2017-11-04,111,19169.07,7451,1010271.37
29,Nov-2017,2017-11-01,109,19383.61,7451,1010271.37
30,Aug-2018,2018-08-06,372,56427.39,6452,854686.33
31,Aug-2018,2018-08-07,366,49178.98,6452,854686.33
32,Aug-2018,2018-08-16,318,35670.61,6452,854686.33
33,Aug-2018,2018-08-08,315,43333.07,6452,854686.33
34,Aug-2018,2018-08-14,315,44192.840000000004,6452,854686.33
35,Aug-2018,2018-08-03,314,42075.18,6452,854686.33
36,Aug-2018,2018-08-01,310,40553.8,6452,854686.33
37,Aug-2018,2018-08-02,299,38462.26,6452,854686.33
38,Aug-2018,2018-08-13,288,38613.13,6452,854686.33
39,Aug-2018,2018-08-15,285,45574.04,6452,854686.33
40,Aug-2018,2018-08-09,283,40040.28,6452,854686.33
41,Aug-2018,2018-08-05,276,35583.76,6452,854686.33
42,Aug-2018,2018-08-17,255,31730.67,6452,854686.33
43,Aug-2018,2018-08-10,253,33424.73,6452,854686.33
44,Aug-2018,2018-08-20,252,34479.5,6452,854686.33
45,Aug-2018,2018-08-04,245,35511.96,6452,854686.33
46,Aug-2018,2018-08-21,239,26323.06,6452,854686.33
47,Aug-2018,2018-08-19,204,25487.39,6452,854686.33
48,Aug-2018,2018-08-12,197,31524.21,6452,854686.33
49,Aug-2018,2018-08-18,196,24340.95,6452,854686.33
50,Aug-2018,2018-08-11,186,25960.93,6452,854686.33
51,Aug-2018,2018-08-22,186,20297.13,6452,854686.33
52,Aug-2018,2018-08-23,142,17030.87,6452,854686.33
53,Aug-2018,2018-08-24,98,9633.61,6452,854686.33
54,Aug-2018,2018-08-26,73,8070.71,6452,854686.33
55,Aug-2018,2018-08-25,69,10599.41,6452,854686.33
56,Aug-2018,2018-08-27,66,5345.91,6452,854686.33
57,Aug-2018,2018-08-28,39,3673.91,6452,854686.33
58,Aug-2018,2018-08-29,11,1546.04,6452,854686.33
59,May-2018,2018-05-07,371,54167.48,6853,996517.68
60,May-2018,2018-05-14,364,53842.38,6853,996517.68
61,May-2018,2018-05-16,357,56283.73,6853,996517.68
62,May-2018,2018-05-15,352,41119.85,6853,996517.68
63,May-2018,2018-05-09,342,43589.12,6853,996517.68
64,May-2018,2018-05-08,327,47800.69,6853,996517.68
65,May-2018,2018-05-03,304,42497.77,6853,996517.68
66,May-2018,2018-05-02,295,38557.72,6853,996517.68
67,May-2018,2018-05-10,279,51458.67,6853,996517.68
68,May-2018,2018-05-04,265,39730.93,6853,996517.68
69,May-2018,2018-05-01,255,33163.8,6853,996517.68
70,May-2018,2018-05-11,246,37859.19,6853,996517.68
71,May-2018,2018-05-18,236,31621.52,6853,996517.68
72,May-2018,2018-05-17,227,31488.47,6853,996517.68
73,May-2018,2018-05-06,210,28565.97,6853,996517.68
74,May-2018,2018-05-13,206,31313.52,6853,996517.68
75,May-2018,2018-05-12,204,29604.14,6853,996517.68
76,May-2018,2018-05-21,204,25404.06,6853,996517.68
77,May-2018,2018-05-22,199,27793.91,6853,996517.68
78,May-2018,2018-05-05,197,28306.45,6853,996517.68
79,May-2018,2018-05-20,161,19586.54,6853,996517.68
80,May-2018,2018-05-29,149,25572.08,6853,996517.68
81,May-2018,2018-05-28,143,26877.47,6853,996517.68
82,May-2018,2018-05-30,140,19214.0,6853,996517.68
83,May-2018,2018-05-19,139,25201.29,6853,996517.68
84,May-2018,2018-05-31,133,25111.28,6853,996517.68
85,May-2018,2018-05-23,132,17501.05,6853,996517.68
86,May-2018,2018-05-24,114,20073.26,6853,996517.68
87,May-2018,2018-05-25,103,15888.92,6853,996517.68
88,May-2018,2018-05-27,100,12523.25,6853,996517.68
89,May-2018,2018-05-26,99,14799.17,6853,996517.68
90,Dec-2017,2017-12-04,331,47348.52,5624,743914.17
91,Dec-2017,2017-12-05,275,33632.37,5624,743914.17
92,Dec-2017,2017-12-01,274,39981.91,5624,743914.17
93,Dec-2017,2017-12-06,273,39198.74,5624,743914.17
94,Dec-2017,2017-12-11,267,33990.39,5624,743914.17
95,Dec-2017,2017-12-12,258,33468.71,5624,743914.17
96,Dec-2017,2017-12-03,231,29262.920000000002,5624,743914.17
97,Dec-2017,2017-12-07,226,28055.78,5624,743914.17
98,Dec-2017,2017-12-13,218,29601.28,5624,743914.17
99,Dec-2017,2017-12-08,215,29847.46,5624,743914.17
100,Dec-2017,2017-12-02,214,31208.13,5624,743914.17
101,Dec-2017,2017-12-18,208,29162.11,5624,743914.17
102,Dec-2017,2017-12-14,199,25286.23,5624,743914.17
103,Dec-2017,2017-12-15,192,27382.2,5624,743914.17
104,Dec-2017,2017-12-10,187,24695.79,5624,743914.17
105,Dec-2017,2017-12-19,174,20615.99,5624,743914.17
106,Dec-2017,2017-12-20,171,27958.53,5624,743914.17
107,Dec-2017,2017-12-26,168,20549.43,5624,743914.17
108,Dec-2017,2017-12-27,166,17700.4,5624,743914.17
109,Dec-2017,2017-12-09,155,20027.04,5624,743914.17
110,Dec-2017,2017-12-28,146,15037.49,5624,743914.17
111,Dec-2017,2017-12-21,143,18572.22,5624,743914.17
112,Dec-2017,2017-12-17,133,19312.41,5624,743914.17
113,Dec-2017,2017-12-29,133,16042.72,5624,743914.17
114,Dec-2017,2017-12-16,131,20296.28,5624,743914.17
115,Dec-2017,2017-12-22,110,14935.3,5624,743914.17
116,Dec-2017,2017-12-23,107,12875.05,5624,743914.17
117,Dec-2017,2017-12-30,96,13042.65,5624,743914.17
118,Dec-2017,2017-12-25,90,10381.34,5624,743914.17
119,Dec-2017,2017-12-31,74,8685.77,5624,743914.17
120,Dec-2017,2017-12-24,59,5759.01,5624,743914.17
121,Jul-2018,2018-07-31,320,45316.28,6273,895507.22
122,Jul-2018,2018-07-18,305,41193.49,6273,895507.22
123,Jul-2018,2018-07-23,305,39911.22,6273,895507.22
124,Jul-2018,2018-07-30,284,39070.66,6273,895507.22
125,Jul-2018,2018-07-24,270,41525.76,6273,895507.22
126,Jul-2018,2018-07-25,268,40417.5,6273,895507.22
127,Jul-2018,2018-07-04,256,35651.65,6273,895507.22
128,Jul-2018,2018-07-19,253,38705.58,6273,895507.22
129,Jul-2018,2018-07-20,249,32031.44,6273,895507.22
130,Jul-2018,2018-07-26,247,35292.72,6273,895507.22
131,Jul-2018,2018-07-16,245,31308.29,6273,895507.22
132,Jul-2018,2018-07-17,221,30421.48,6273,895507.22
133,Jul-2018,2018-07-03,216,26307.31,6273,895507.22
134,Jul-2018,2018-07-22,215,27753.42,6273,895507.22
135,Jul-2018,2018-07-02,195,23158.62,6273,895507.22
136,Jul-2018,2018-07-05,195,28809.33,6273,895507.22
137,Jul-2018,2018-07-27,189,28371.75,6273,895507.22
138,Jul-2018,2018-07-29,188,31434.079999999998,6273,895507.22
139,Jul-2018,2018-07-21,187,21113.58,6273,895507.22
140,Jul-2018,2018-07-28,175,25210.12,6273,895507.22
141,Jul-2018,2018-07-13,167,27644.23,6273,895507.22
142,Jul-2018,2018-07-01,161,24369.47,6273,895507.22
143,Jul-2018,2018-07-15,152,30037.489999999998,6273,895507.22
144,Jul-2018,2018-07-14,148,22257.69,6273,895507.22
145,Jul-2018,2018-07-09,148,19564.85,6273,895507.22
146,Jul-2018,2018-07-10,132,18724.57,6273,895507.22
147,Jul-2018,2018-07-11,127,18519.98,6273,895507.22
148,Jul-2018,2018-07-08,122,14410.79,6273,895507.22
149,Jul-2018,2018-07-06,121,19005.54,6273,895507.22
150,Jul-2018,2018-07-12,121,28891.77,6273,895507.22
151,Jul-2018,2018-07-07,91,9076.56,6273,895507.22
152,Feb-2018,2018-02-28,312,45510.57,6694,844178.71
153,Feb-2018,2018-02-27,298,40267.2,6694,844178.71
154,Feb-2018,2018-02-26,296,43750.96,6694,844178.71
155,Feb-2018,2018-02-14,294,37079.65,6694,844178.71
156,Feb-2018,2018-02-20,288,36568.57,6694,844178.71
157,Feb-2018,2018-02-15,281,32279.91,6694,844178.71
158,Feb-2018,2018-02-22,278,32718.71,6694,844178.71
159,Feb-2018,2018-02-05,271,37360.84,6694,844178.71
160,Feb-2018,2018-02-06,267,34119.38,6694,844178.71
161,Feb-2018,2018-02-21,265,32401.69,6694,844178.71
162,Feb-2018,2018-02-19,259,28190.63,6694,844178.71
163,Feb-2018,2018-02-07,246,31306.23,6694,844178.71
164,Feb-2018,2018-02-25,237,29203.77,6694,844178.71
165,Feb-2018,2018-02-23,235,28424.7,6694,844178.71
166,Feb-2018,2018-02-01,232,30362.15,6694,844178.71
167,Feb-2018,2018-02-08,229,27314.73,6694,844178.71
168,Feb-2018,2018-02-13,222,23638.34,6694,844178.71
169,Feb-2018,2018-02-12,215,23310.73,6694,844178.71
170,Feb-2018,2018-02-02,212,27731.6,6694,844178.71
171,Feb-2018,2018-02-16,212,26894.99,6694,844178.71
172,Feb-2018,2018-02-09,211,30743.07,6694,844178.71
173,Feb-2018,2018-02-18,202,24592.43,6694,844178.71
174,Feb-2018,2018-02-17,202,24952.76,6694,844178.71
175,Feb-2018,2018-02-04,201,23989.79,6694,844178.71
176,Feb-2018,2018-02-03,193,23448.66,6694,844178.71
177,Feb-2018,2018-02-24,190,24263.51,6694,844178.71
178,Feb-2018,2018-02-10,176,21248.16,6694,844178.71
179,Feb-2018,2018-02-11,170,22504.98,6694,844178.71
180,Jan-2018,2018-01-22,310,37137.64,7220,950030.36
181,Jan-2018,2018-01-15,305,38330.3,7220,950030.36
182,Jan-2018,2018-01-16,301,44237.17,7220,950030.36
183,Jan-2018,2018-01-08,292,38714.4,7220,950030.36
184,Jan-2018,2018-01-17,282,36089.22,7220,950030.36
185,Jan-2018,2018-01-10,277,38479.53,7220,950030.36
186,Jan-2018,2018-01-11,264,40056.96,7220,950030.36
187,Jan-2018,2018-01-23,262,34746.17,7220,950030.36
188,Jan-2018,2018-01-30,257,29588.85,7220,950030.36
189,Jan-2018,2018-01-04,255,34839.44,7220,950030.36
190,Jan-2018,2018-01-31,255,32721.59,7220,950030.36
191,Jan-2018,2018-01-09,251,30248.91,7220,950030.36
192,Jan-2018,2018-01-29,246,30481.32,7220,950030.36
193,Jan-2018,2018-01-24,243,31700.17,7220,950030.36
194,Jan-2018,2018-01-12,239,30988.94,7220,950030.36
195,Jan-2018,2018-01-18,238,27774.77,7220,950030.36
196,Jan-2018,2018-01-14,232,30962.53,7220,950030.36
197,Jan-2018,2018-01-25,232,29634.42,7220,950030.36
198,Jan-2018,2018-01-19,232,29954.78,7220,950030.36
199,Jan-2018,2018-01-26,228,33995.0,7220,950030.36
200,Jan-2018,2018-01-03,222,31886.72,7220,950030.36
201,Jan-2018,2018-01-13,216,28091.91,7220,950030.36
202,Jan-2018,2018-01-06,215,27609.670000000002,7220,950030.36
203,Jan-2018,2018-01-05,209,27720.39,7220,950030.36
204,Jan-2018,2018-01-02,203,25315.0,7220,950030.36
205,Jan-2018,2018-01-07,195,29433.01,7220,950030.36
206,Jan-2018,2018-01-21,194,23829.829999999998,7220,950030.36
207,Jan-2018,2018-01-20,184,22381.68,7220,950030.36
208,Jan-2018,2018-01-28,155,24100.75,7220,950030.36
209,Jan-2018,2018-01-27,153,22031.08,7220,950030.36
210,Jan-2018,2018-01-01,73,6948.21,7220,950030.36
211,Mar-2018,2018-03-19,302,44645.19,7188,983213.4400000001
212,Mar-2018,2018-03-20,297,35749.47,7188,983213.4400000001
213,Mar-2018,2018-03-15,286,44311.46,7188,983213.4400000001
214,Mar-2018,2018-03-21,285,39714.43,7188,983213.4400000001
215,Mar-2018,2018-03-01,275,39651.51,7188,983213.4400000001
216,Mar-2018,2018-03-26,271,35779.01,7188,983213.4400000001
217,Mar-2018,2018-03-06,271,39173.99,7188,983213.4400000001
218,Mar-2018,2018-03-02,265,31776.46,7188,983213.4400000001
219,Mar-2018,2018-03-05,262,38323.07,7188,983213.4400000001
220,Mar-2018,2018-03-07,258,36137.89,7188,983213.4400000001
221,Mar-2018,2018-03-22,254,31119.41,7188,983213.4400000001
222,Mar-2018,2018-03-16,252,32832.19,7188,983213.4400000001
223,Mar-2018,2018-03-27,245,34732.56,7188,983213.4400000001
224,Mar-2018,2018-03-04,235,32441.9,7188,983213.4400000001
225,Mar-2018,2018-03-08,234,28156.39,7188,983213.4400000001
226,Mar-2018,2018-03-12,232,30644.66,7188,983213.4400000001
227,Mar-2018,2018-03-13,227,36074.24,7188,983213.4400000001
228,Mar-2018,2018-03-23,219,29621.24,7188,983213.4400000001
229,Mar-2018,2018-03-28,219,29713.34,7188,983213.4400000001
230,Mar-2018,2018-03-11,218,31320.43,7188,983213.4400000001
231,Mar-2018,2018-03-18,215,31119.33,7188,983213.4400000001
232,Mar-2018,2018-03-03,212,26394.97,7188,983213.4400000001
233,Mar-2018,2018-03-09,203,28405.44,7188,983213.4400000001
234,Mar-2018,2018-03-14,198,23528.79,7188,983213.4400000001
235,Mar-2018,2018-03-29,194,28926.73,7188,983213.4400000001
236,Mar-2018,2018-03-10,192,26203.91,7188,983213.4400000001
237,Mar-2018,2018-03-25,190,25557.29,7188,983213.4400000001
238,Mar-2018,2018-03-17,180,20078.5,7188,983213.4400000001
239,Mar-2018,2018-03-31,167,25203.73,7188,983213.4400000001
240,Mar-2018,2018-03-30,165,22088.14,7188,983213.4400000001
241,Mar-2018,2018-03-24,165,23787.77,7188,983213.4400000001
242,Jun-2018,2018-06-11,294,49669.7,6160,865124.31
243,Jun-2018,2018-06-13,259,34616.96,6160,865124.31
244,Jun-2018,2018-06-18,246,34718.3,6160,865124.31
245,Jun-2018,2018-06-12,246,40369.0,6160,865124.31
246,Jun-2018,2018-06-28,243,32171.97,6160,865124.31
247,Jun-2018,2018-06-26,242,30957.57,6160,865124.31
248,Jun-2018,2018-06-25,240,36135.52,6160,865124.31
249,Jun-2018,2018-06-21,234,27703.58,6160,865124.31
250,Jun-2018,2018-06-19,231,34630.33,6160,865124.31
251,Jun-2018,2018-06-06,227,26134.4,6160,865124.31
252,Jun-2018,2018-06-04,225,28622.4,6160,865124.31
253,Jun-2018,2018-06-07,223,37020.4,6160,865124.31
254,Jun-2018,2018-06-20,217,28793.99,6160,865124.31
255,Jun-2018,2018-06-27,214,26496.48,6160,865124.31
256,Jun-2018,2018-06-14,212,27504.6,6160,865124.31
257,Jun-2018,2018-06-24,199,24432.6,6160,865124.31
258,Jun-2018,2018-06-08,198,26870.41,6160,865124.31
259,Jun-2018,2018-06-05,197,30709.36,6160,865124.31
260,Jun-2018,2018-06-10,193,25501.97,6160,865124.31
261,Jun-2018,2018-06-03,191,28461.66,6160,865124.31
262,Jun-2018,2018-06-15,186,26617.56,6160,865124.31
263,Jun-2018,2018-06-01,184,32298.92,6160,865124.31
264,Jun-2018,2018-06-22,179,24807.27,6160,865124.31
265,Jun-2018,2018-06-29,174,20473.48,6160,865124.31
266,Jun-2018,2018-06-09,172,29325.079999999998,6160,865124.31
267,Jun-2018,2018-06-16,165,24616.05,6160,865124.31
268,Jun-2018,2018-06-17,152,17316.33,6160,865124.31
269,Jun-2018,2018-06-23,151,17501.92,6160,865124.31
270,Jun-2018,2018-06-02,142,25266.62,6160,865124.31
271,Jun-2018,2018-06-30,124,15379.880000000001,6160,865124.31
272,Apr-2018,2018-04-19,292,43287.21,6934,996647.75
273,Apr-2018,2018-04-23,285,37674.27,6934,996647.75
274,Apr-2018,2018-04-25,284,40995.02,6934,996647.75
275,Apr-2018,2018-04-02,281,40279.1,6934,996647.75
276,Apr-2018,2018-04-18,280,39472.71,6934,996647.75
277,Apr-2018,2018-04-16,280,40412.26,6934,996647.75
278,Apr-2018,2018-04-11,274,40782.96,6934,996647.75
279,Apr-2018,2018-04-24,271,43083.77,6934,996647.75
280,Apr-2018,2018-04-05,266,36058.79,6934,996647.75
281,Apr-2018,2018-04-17,265,36682.97,6934,996647.75
282,Apr-2018,2018-04-04,257,37982.73,6934,996647.75
283,Apr-2018,2018-04-12,255,34117.58,6934,996647.75
284,Apr-2018,2018-04-26,254,31631.36,6934,996647.75
285,Apr-2018,2018-04-09,253,49308.73,6934,996647.75
286,Apr-2018,2018-04-03,246,36246.51,6934,996647.75
287,Apr-2018,2018-04-27,242,40752.54,6934,996647.75
288,Apr-2018,2018-04-30,240,35682.61,6934,996647.75
289,Apr-2018,2018-04-15,223,30524.04,6934,996647.75
290,Apr-2018,2018-04-01,207,29396.66,6934,996647.75
291,Apr-2018,2018-04-13,202,31150.36,6934,996647.75
292,Apr-2018,2018-04-10,201,27870.56,6934,996647.75
293,Apr-2018,2018-04-22,200,27350.9,6934,996647.75
294,Apr-2018,2018-04-20,196,28353.84,6934,996647.75
295,Apr-2018,2018-04-06,189,27784.739999999998,6934,996647.75
296,Apr-2018,2018-04-08,185,23463.85,6934,996647.75
297,Apr-2018,2018-04-29,171,19411.7,6934,996647.75
298,Apr-2018,2018-04-28,169,23560.56,6934,996647.75
299,Apr-2018,2018-04-07,164,25517.38,6934,996647.75
300,Apr-2018,2018-04-21,156,18966.34,6934,996647.75
301,Apr-2018,2018-04-14,146,18845.7,6934,996647.75
302,Sep-2017,2017-09-13,205,27593.28,4243,624401.69
303,Sep-2017,2017-09-12,204,27136.010000000002,4243,624401.69
304,Sep-2017,2017-09-18,183,28487.81,4243,624401.69
305,Sep-2017,2017-09-26,179,21681.9,4243,624401.69
306,Sep-2017,2017-09-11,178,23376.78,4243,624401.69
307,Sep-2017,2017-09-14,166,22557.76,4243,624401.69
308,Sep-2017,2017-09-20,161,22102.55,4243,624401.69
309,Sep-2017,2017-09-01,158,28473.13,4243,624401.69
310,Sep-2017,2017-09-05,154,20981.55,4243,624401.69
311,Sep-2017,2017-09-19,153,20057.95,4243,624401.69
312,Sep-2017,2017-09-21,150,19015.53,4243,624401.69
313,Sep-2017,2017-09-15,150,18373.26,4243,624401.69
314,Sep-2017,2017-09-04,148,24937.98,4243,624401.69
315,Sep-2017,2017-09-27,144,20646.920000000002,4243,624401.69
316,Sep-2017,2017-09-28,142,23264.52,4243,624401.69
317,Sep-2017,2017-09-06,140,25624.61,4243,624401.69
318,Sep-2017,2017-09-22,136,16255.12,4243,624401.69
319,Sep-2017,2017-09-10,135,17810.27,4243,624401.69
320,Sep-2017,2017-09-25,133,17987.1,4243,624401.69
321,Sep-2017,2017-09-16,129,21147.37,4243,624401.69
322,Sep-2017,2017-09-03,125,27795.41,4243,624401.69
323,Sep-2017,2017-09-17,125,19979.42,4243,624401.69
324,Sep-2017,2017-09-29,116,30878.559999999998,4243,624401.69
325,Sep-2017,2017-09-08,115,11883.47,4243,624401.69
326,Sep-2017,2017-09-24,113,13049.75,4243,624401.69
327,Sep-2017,2017-09-30,109,12685.49,4243,624401.69
328,Sep-2017,2017-09-09,106,15082.53,4243,624401.69
329,Sep-2017,2017-09-02,104,18128.66,4243,624401.69
330,Sep-2017,2017-09-07,97,16893.5,4243,624401.69
331,Sep-2017,2017-09-23,85,10513.5,4243,624401.69
332,Oct-2017,2017-10-03,198,26118.57,4568,664219.43
333,Oct-2017,2017-10-17,197,29675.77,4568,664219.43
334,Oct-2017,2017-10-16,194,30580.16,4568,664219.43
335,Oct-2017,2017-10-09,191,30337.79,4568,664219.43
336,Oct-2017,2017-10-10,180,28151.13,4568,664219.43
337,Oct-2017,2017-10-18,176,27257.79,4568,664219.43
338,Oct-2017,2017-10-19,175,23223.71,4568,664219.43
339,Oct-2017,2017-10-24,164,22071.27,4568,664219.43
340,Oct-2017,2017-10-23,158,22278.100000000002,4568,664219.43
341,Oct-2017,2017-10-31,157,23813.0,4568,664219.43
342,Oct-2017,2017-10-04,157,21197.7,4568,664219.43
343,Oct-2017,2017-10-22,157,19786.81,4568,664219.43
344,Oct-2017,2017-10-11,156,22669.37,4568,664219.43
345,Oct-2017,2017-10-25,154,17507.06,4568,664219.43
346,Oct-2017,2017-10-13,151,22881.19,4568,664219.43
347,Oct-2017,2017-10-30,144,20221.23,4568,664219.43
348,Oct-2017,2017-10-26,143,22573.15,4568,664219.43
349,Oct-2017,2017-10-02,142,21764.65,4568,664219.43
350,Oct-2017,2017-10-12,140,18754.23,4568,664219.43
351,Oct-2017,2017-10-05,140,25517.52,4568,664219.43
352,Oct-2017,2017-10-27,131,20377.58,4568,664219.43
353,Oct-2017,2017-10-29,130,17267.75,4568,664219.43
354,Oct-2017,2017-10-01,128,18821.27,4568,664219.43
355,Oct-2017,2017-10-06,126,17084.67,4568,664219.43
356,Oct-2017,2017-10-08,124,16539.010000000002,4568,664219.43
357,Oct-2017,2017-10-20,120,18626.2,4568,664219.43
358,Oct-2017,2017-10-15,120,18751.85,4568,664219.43
359,Oct-2017,2017-10-14,116,13528.82,4568,664219.43
360,Oct-2017,2017-10-21,110,14982.45,4568,664219.43
361,Oct-2017,2017-10-07,103,15376.02,4568,664219.43
362,Oct-2017,2017-10-28,86,16483.61,4568,664219.43
363,Aug-2017,2017-08-15,193,23727.260000000002,4293,573971.68
364,Aug-2017,2017-08-30,178,30938.16,4293,573971.68
365,Aug-2017,2017-08-21,177,22219.35,4293,573971.68
366,Aug-2017,2017-08-16,173,23950.42,4293,573971.68
367,Aug-2017,2017-08-01,165,21745.04,4293,573971.68
368,Aug-2017,2017-08-07,157,23257.84,4293,573971.68
369,Aug-2017,2017-08-14,156,18156.37,4293,573971.68
370,Aug-2017,2017-08-28,155,22244.52,4293,573971.68
371,Aug-2017,2017-08-17,155,18357.91,4293,573971.68
372,Aug-2017,2017-08-02,155,18147.0,4293,573971.68
373,Aug-2017,2017-08-10,155,19961.55,4293,573971.68
374,Aug-2017,2017-08-31,148,20671.51,4293,573971.68
375,Aug-2017,2017-08-03,146,19125.510000000002,4293,573971.68
376,Aug-2017,2017-08-08,146,18661.63,4293,573971.68
377,Aug-2017,2017-08-18,146,17132.01,4293,573971.68
378,Aug-2017,2017-08-09,142,20756.52,4293,573971.68
379,Aug-2017,2017-08-04,141,18361.62,4293,573971.68
380,Aug-2017,2017-08-11,138,20039.24,4293,573971.68
381,Aug-2017,2017-08-29,137,33756.48,4293,573971.68
382,Aug-2017,2017-08-22,136,16627.12,4293,573971.68
383,Aug-2017,2017-08-24,126,13361.11,4293,573971.68
384,Aug-2017,2017-08-25,123,15163.32,4293,573971.68
385,Aug-2017,2017-08-27,118,13367.88,4293,573971.68
386,Aug-2017,2017-08-05,115,11946.91,4293,573971.68
387,Aug-2017,2017-08-23,111,15873.61,4293,573971.68
388,Aug-2017,2017-08-19,108,12910.13,4293,573971.68
389,Aug-2017,2017-08-06,108,14181.14,4293,573971.68
390,Aug-2017,2017-08-20,103,12873.78,4293,573971.68
391,Aug-2017,2017-08-12,97,13980.86,4293,573971.68
392,Aug-2017,2017-08-26,93,10141.69,4293,573971.68
393,Aug-2017,2017-08-13,92,12334.19,4293,573971.68
394,Jul-2017,2017-07-18,190,28238.2,3969,498031.48
395,Jul-2017,2017-07-17,163,21554.98,3969,498031.48
396,Jul-2017,2017-07-11,162,20213.79,3969,498031.48
397,Jul-2017,2017-07-24,161,19662.62,3969,498031.48
398,Jul-2017,2017-07-25,151,17482.53,3969,498031.48
399,Jul-2017,2017-07-19,150,16545.34,3969,498031.48
400,Jul-2017,2017-07-14,149,18745.15,3969,498031.48
401,Jul-2017,2017-07-12,149,19180.22,3969,498031.48
402,Jul-2017,2017-07-06,148,22223.72,3969,498031.48
403,Jul-2017,2017-07-31,147,17272.88,3969,498031.48
404,Jul-2017,2017-07-20,141,19174.08,3969,498031.48
405,Jul-2017,2017-07-05,140,20789.56,3969,498031.48
406,Jul-2017,2017-07-10,140,17326.93,3969,498031.48
407,Jul-2017,2017-07-13,137,14531.0,3969,498031.48
408,Jul-2017,2017-07-28,132,20043.16,3969,498031.48
409,Jul-2017,2017-07-04,123,15484.24,3969,498031.48
410,Jul-2017,2017-07-27,123,15693.93,3969,498031.48
411,Jul-2017,2017-07-26,123,11265.23,3969,498031.48
412,Jul-2017,2017-07-07,117,13662.87,3969,498031.48
413,Jul-2017,2017-07-30,117,12944.87,3969,498031.48
414,Jul-2017,2017-07-03,117,16611.05,3969,498031.48
415,Jul-2017,2017-07-29,115,15964.27,3969,498031.48
416,Jul-2017,2017-07-21,114,13448.85,3969,498031.48
417,Jul-2017,2017-07-16,112,13421.6,3969,498031.48
418,Jul-2017,2017-07-02,105,11489.44,3969,498031.48
419,Jul-2017,2017-07-23,104,12117.61,3969,498031.48
420,Jul-2017,2017-07-15,98,10930.56,3969,498031.48
421,Jul-2017,2017-07-09,90,8197.380000000001,3969,498031.48
422,Jul-2017,2017-07-22,88,11456.81,3969,498031.48
423,Jul-2017,2017-07-08,83,10206.86,3969,498031.48
424,Jul-2017,2017-07-01,80,12151.75,3969,498031.48
425,May-2017,2017-05-29,158,18912.86,3660,506071.14
426,May-2017,2017-05-15,154,17962.03,3660,506071.14
427,May-2017,2017-05-16,151,21174.88,3660,506071.14
428,May-2017,2017-05-22,148,25414.2,3660,506071.14
429,May-2017,2017-05-21,148,17426.2,3660,506071.14
430,May-2017,2017-05-19,144,18397.670000000002,3660,506071.14
431,May-2017,2017-05-24,141,23350.97,3660,506071.14
432,May-2017,2017-05-17,141,18343.93,3660,506071.14
433,May-2017,2017-05-11,126,18164.55,3660,506071.14
434,May-2017,2017-05-31,126,20438.15,3660,506071.14
435,May-2017,2017-05-18,125,18245.13,3660,506071.14
436,May-2017,2017-05-23,125,17798.38,3660,506071.14
437,May-2017,2017-05-09,125,20837.05,3660,506071.14
438,May-2017,2017-05-02,125,17640.2,3660,506071.14
439,May-2017,2017-05-08,122,16148.41,3660,506071.14
440,May-2017,2017-05-01,116,12580.27,3660,506071.14
441,May-2017,2017-05-10,115,20927.49,3660,506071.14
442,May-2017,2017-05-12,113,12635.710000000001,3660,506071.14
443,May-2017,2017-05-14,112,15219.7,3660,506071.14
444,May-2017,2017-05-05,110,13969.76,3660,506071.14
445,May-2017,2017-05-07,109,17167.87,3660,506071.14
446,May-2017,2017-05-04,108,13508.55,3660,506071.14
447,May-2017,2017-05-06,107,16219.98,3660,506071.14
448,May-2017,2017-05-25,105,15383.79,3660,506071.14
449,May-2017,2017-05-30,102,14345.48,3660,506071.14
450,May-2017,2017-05-03,102,10053.56,3660,506071.14
451,May-2017,2017-05-28,98,9262.62,3660,506071.14
452,May-2017,2017-05-27,81,14139.51,3660,506071.14
453,May-2017,2017-05-26,78,10651.18,3660,506071.14
454,May-2017,2017-05-13,73,9118.65,3660,506071.14
455,May-2017,2017-05-20,72,10632.41,3660,506071.14
456,Jun-2017,2017-06-19,156,22764.83,3217,433038.6
457,Jun-2017,2017-06-05,146,24184.55,3217,433038.6
458,Jun-2017,2017-06-27,140,16681.61,3217,433038.6
459,Jun-2017,2017-06-08,137,18503.08,3217,433038.6
460,Jun-2017,2017-06-06,133,14589.15,3217,433038.6
461,Jun-2017,2017-06-14,130,20441.67,3217,433038.6
462,Jun-2017,2017-06-02,126,19131.33,3217,433038.6
463,Jun-2017,2017-06-13,125,14016.09,3217,433038.6
464,Jun-2017,2017-06-12,125,14803.11,3217,433038.6
465,Jun-2017,2017-06-07,124,12771.66,3217,433038.6
466,Jun-2017,2017-06-01,124,19305.25,3217,433038.6
467,Jun-2017,2017-06-28,120,14655.82,3217,433038.6
468,Jun-2017,2017-06-11,113,14303.56,3217,433038.6
469,Jun-2017,2017-06-29,110,12169.53,3217,433038.6
470,Jun-2017,2017-06-15,107,12737.67,3217,433038.6
471,Jun-2017,2017-06-23,107,13282.98,3217,433038.6
472,Jun-2017,2017-06-09,106,16051.35,3217,433038.6
473,Jun-2017,2017-06-25,105,17646.18,3217,433038.6
474,Jun-2017,2017-06-04,101,13863.23,3217,433038.6
475,Jun-2017,2017-06-16,97,12908.23,3217,433038.6
476,Jun-2017,2017-06-30,93,12736.89,3217,433038.6
477,Jun-2017,2017-06-20,92,10968.33,3217,433038.6
478,Jun-2017,2017-06-18,90,17836.16,3217,433038.6
479,Jun-2017,2017-06-03,89,10450.35,3217,433038.6
480,Jun-2017,2017-06-22,88,8826.81,3217,433038.6
481,Jun-2017,2017-06-10,76,8220.35,3217,433038.6
482,Jun-2017,2017-06-24,76,8325.65,3217,433038.6
483,Jun-2017,2017-06-17,74,11264.77,3217,433038.6
484,Jun-2017,2017-06-26,72,13414.76,3217,433038.6
485,Jun-2017,2017-06-21,35,6183.65,3217,433038.6
486,Apr-2017,2017-04-26,125,15919.75,2391,359927.23
487,Apr-2017,2017-04-24,115,15150.03,2391,359927.23
488,Apr-2017,2017-04-25,111,14671.74,2391,359927.23
489,Apr-2017,2017-04-28,98,15790.49,2391,359927.23
490,Apr-2017,2017-04-19,97,12103.46,2391,359927.23
491,Apr-2017,2017-04-05,96,18902.94,2391,359927.23
492,Apr-2017,2017-04-04,96,12301.65,2391,359927.23
493,Apr-2017,2017-04-20,96,13373.14,2391,359927.23
494,Apr-2017,2017-04-06,95,23168.89,2391,359927.23
495,Apr-2017,2017-04-10,87,11732.31,2391,359927.23
496,Apr-2017,2017-04-23,86,10038.95,2391,359927.23
497,Apr-2017,2017-04-07,85,13300.65,2391,359927.23
498,Apr-2017,2017-04-22,83,12860.18,2391,359927.23
499,Apr-2017,2017-04-27,79,10300.71,2391,359927.23
500,Apr-2017,2017-04-11,77,8296.51,2391,359927.23
501,Apr-2017,2017-04-29,73,11912.63,2391,359927.23
502,Apr-2017,2017-04-09,73,8222.65,2391,359927.23
503,Apr-2017,2017-04-03,72,9156.76,2391,359927.23
504,Apr-2017,2017-04-18,71,21286.72,2391,359927.23
505,Apr-2017,2017-04-21,68,8457.71,2391,359927.23
506,Apr-2017,2017-04-30,68,8091.16,2391,359927.23
507,Apr-2017,2017-04-01,67,17697.37,2391,359927.23
508,Apr-2017,2017-04-08,66,8785.09,2391,359927.23
509,Apr-2017,2017-04-17,65,9416.67,2391,359927.23
510,Apr-2017,2017-04-02,65,9129.88,2391,359927.23
511,Apr-2017,2017-04-12,63,8209.2,2391,359927.23
512,Apr-2017,2017-04-13,60,9691.43,2391,359927.23
513,Apr-2017,2017-04-14,53,8168.66,2391,359927.23
514,Apr-2017,2017-04-15,52,8333.94,2391,359927.23
515,Apr-2017,2017-04-16,49,5455.96,2391,359927.23
516,Mar-2017,2017-03-20,116,17096.49,2641,374344.3
517,Mar-2017,2017-03-13,111,16958.05,2641,374344.3
518,Mar-2017,2017-03-23,111,16375.55,2641,374344.3
519,Mar-2017,2017-03-27,109,16356.97,2641,374344.3
520,Mar-2017,2017-03-15,107,14999.33,2641,374344.3
521,Mar-2017,2017-03-22,105,14188.97,2641,374344.3
522,Mar-2017,2017-03-16,103,14269.78,2641,374344.3
523,Mar-2017,2017-03-28,102,12373.11,2641,374344.3
524,Mar-2017,2017-03-14,99,14243.66,2641,374344.3
525,Mar-2017,2017-03-06,99,10336.64,2641,374344.3
526,Mar-2017,2017-03-01,95,12555.41,2641,374344.3
527,Mar-2017,2017-03-21,93,11349.130000000001,2641,374344.3
528,Mar-2017,2017-03-09,92,11705.54,2641,374344.3
529,Mar-2017,2017-03-10,88,12358.87,2641,374344.3
530,Mar-2017,2017-03-07,81,11883.52,2641,374344.3
531,Mar-2017,2017-03-08,78,14612.46,2641,374344.3
532,Mar-2017,2017-03-04,77,12658.51,2641,374344.3
533,Mar-2017,2017-03-24,77,10177.87,2641,374344.3
534,Mar-2017,2017-03-25,75,9423.04,2641,374344.3
535,Mar-2017,2017-03-29,74,8660.54,2641,374344.3
536,Mar-2017,2017-03-30,74,10025.6,2641,374344.3
537,Mar-2017,2017-03-18,73,16433.82,2641,374344.3
538,Mar-2017,2017-03-03,72,12364.44,2641,374344.3
539,Mar-2017,2017-03-05,72,6954.62,2641,374344.3
540,Mar-2017,2017-03-11,71,10852.97,2641,374344.3
541,Mar-2017,2017-03-31,70,12199.56,2641,374344.3
542,Mar-2017,2017-03-02,68,11377.0,2641,374344.3
543,Mar-2017,2017-03-17,65,11970.4,2641,374344.3
544,Mar-2017,2017-03-12,64,6612.16,2641,374344.3
545,Mar-2017,2017-03-26,64,6320.95,2641,374344.3
546,Mar-2017,2017-03-19,56,6649.34,2641,374344.3
547,Feb-2017,2017-02-07,111,14143.48,1721,245718.48
548,Feb-2017,2017-02-08,90,11958.27,1721,245718.48
549,Feb-2017,2017-02-06,81,9539.44,1721,245718.48
550,Feb-2017,2017-02-09,77,9190.29,1721,245718.48
551,Feb-2017,2017-02-13,76,10785.15,1721,245718.48
552,Feb-2017,2017-02-05,75,8503.79,1721,245718.48
553,Feb-2017,2017-02-14,71,12694.11,1721,245718.48
554,Feb-2017,2017-02-02,68,8917.64,1721,245718.48
555,Feb-2017,2017-02-01,67,8219.75,1721,245718.48
556,Feb-2017,2017-02-04,66,13968.16,1721,245718.48
557,Feb-2017,2017-02-10,66,14222.64,1721,245718.48
558,Feb-2017,2017-02-12,63,15126.15,1721,245718.48
559,Feb-2017,2017-02-20,63,7878.3,1721,245718.48
560,Feb-2017,2017-02-24,62,6682.21,1721,245718.48
561,Feb-2017,2017-02-22,61,8033.05,1721,245718.48
562,Feb-2017,2017-02-15,60,6770.15,1721,245718.48
563,Feb-2017,2017-02-23,59,6940.82,1721,245718.48
564,Feb-2017,2017-02-03,57,10183.74,1721,245718.48
565,Feb-2017,2017-02-28,55,11220.76,1721,245718.48
566,Feb-2017,2017-02-16,52,6348.04,1721,245718.48
567,Feb-2017,2017-02-11,45,4307.56,1721,245718.48
568,Feb-2017,2017-02-26,45,5446.68,1721,245718.48
569,Feb-2017,2017-02-18,44,6211.57,1721,245718.48
570,Feb-2017,2017-02-27,43,5844.12,1721,245718.48
571,Feb-2017,2017-02-25,42,4196.59,1721,245718.48
572,Feb-2017,2017-02-17,42,6452.28,1721,245718.48
573,Feb-2017,2017-02-21,41,8285.64,1721,245718.48
574,Feb-2017,2017-02-19,39,3648.1,1721,245718.48
575,Jan-2017,2017-01-26,85,13157.66,787,120226.98
576,Jan-2017,2017-01-31,67,11116.130000000001,787,120226.98
577,Jan-2017,2017-01-25,62,8977.23,787,120226.98
578,Jan-2017,2017-01-27,61,11432.95,787,120226.98
579,Jan-2017,2017-01-30,51,10801.13,787,120226.98
580,Jan-2017,2017-01-24,40,5955.17,787,120226.98
581,Jan-2017,2017-01-23,39,6581.47,787,120226.98
582,Jan-2017,2017-01-29,35,6457.66,787,120226.98
583,Jan-2017,2017-01-18,33,4032.36,787,120226.98
584,Jan-2017,2017-01-05,32,396.90000000000003,787,120226.98
585,Jan-2017,2017-01-17,32,3302.53,787,120226.98
586,Jan-2017,2017-01-22,30,3619.27,787,120226.98
587,Jan-2017,2017-01-28,29,5211.01,787,120226.98
588,Jan-2017,2017-01-20,28,4035.83,787,120226.98
589,Jan-2017,2017-01-19,27,3468.06,787,120226.98
590,Jan-2017,2017-01-21,24,2458.6,787,120226.98
591,Jan-2017,2017-01-16,19,3307.92,787,120226.98
592,Jan-2017,2017-01-14,18,1112.69,787,120226.98
593,Jan-2017,2017-01-15,14,2199.57,787,120226.98
594,Jan-2017,2017-01-12,13,2234.58,787,120226.98
595,Jan-2017,2017-01-11,12,2776.16,787,120226.98
596,Jan-2017,2017-01-13,11,2505.58,787,120226.98
597,Jan-2017,2017-01-08,6,709.58,787,120226.98
598,Jan-2017,2017-01-10,6,1434.87,787,120226.98
599,Jan-2017,2017-01-09,5,673.79,787,120226.98
600,Jan-2017,2017-01-07,4,1351.9,787,120226.98
601,Jan-2017,2017-01-06,4,916.38,787,120226.98
602,Oct-2016,2016-10-04,60,9940.960000000001,308,49507.66
603,Oct-2016,2016-10-06,49,7960.51,308,49507.66
604,Oct-2016,2016-10-07,45,7228.05,308,49507.66
605,Oct-2016,2016-10-05,42,8343.25,308,49507.66
606,Oct-2016,2016-10-08,40,8441.85,308,49507.66
607,Oct-2016,2016-10-10,37,3692.57,308,49507.66
608,Oct-2016,2016-10-09,26,3336.9900000000002,308,49507.66
609,Oct-2016,2016-10-03,8,463.48,308,49507.66
610,Oct-2016,2016-10-02,1,100.0,308,49507.66
611,Dec-2016,2016-12-23,1,10.9,1,10.9
612,Sep-2016,2016-09-15,1,134.97,3,267.36
613,Sep-2016,2016-09-05,1,59.5,3,267.36
614,Sep-2016,2016-09-04,1,72.89,3,267.36
615,Sep-2018,2018-09-03,1,145.0,1,145.0
